number of pennies,weight of pennies (g m/s^2),weight of pennies (N),length of rubber band (in),displacement (in),displacement (m)
0,0,0,4,0,0
5,122.625,0.122625,4.125,0.125,0.003172589
10,245.25,0.24525,4.25,0.25,0.006345178
15,367.875,0.367875,4.375,0.375,0.009517766
20,490.5,0.4905,4.5,0.5,0.012690355
