number_of_pennies,weight_of_pennies_N,length_of_rubber_band_in,displacement_in,displacement_m
0,0,4,0,0
5,0.122625,4.125,0.125,0.003172589
10,0.24525,4.25,0.25,0.006345178
15,0.367875,4.375,0.375,0.009517766
20,0.4905,4.5,0.5,0.012690355
